<?xml version="1.0" encoding="utf-8"?>
<doctrine-mapping xmlns="http://doctrine-project.org/schemas/orm/doctrine-mapping" xmlns:xsi="http://www.w3.org/2001/XMLSchema-instance" xsi:schemaLocation="http://doctrine-project.org/schemas/orm/doctrine-mapping https://www.doctrine-project.org/schemas/orm/doctrine-mapping.xsd">
  <entity name="App\Entity\Info" table="info">
    <id name="id" type="integer" column="id">
      <generator strategy="IDENTITY"/>
    </id>
    <field name="name" type="string" column="name" length="255" nullable="false">
      <options>
        <option name="fixed"/>
      </options>
    </field>
    <field name="brand" type="string" column="brand" length="255" nullable="false">
      <options>
        <option name="fixed"/>
      </options>
    </field>
    <field name="reference" type="string" column="reference" length="255" nullable="false">
      <options>
        <option name="fixed"/>
      </options>
    </field>
    <field name="stock" type="integer" column="stock" nullable="false">
      <options>
        <option name="unsigned"/>
      </options>
    </field>
    <field name="enddate" type="string" column="enddate" length="255" nullable="false">
      <options>
        <option name="fixed"/>
      </options>
    </field>
  </entity>
</doctrine-mapping>
